Date,Open,High,Low,Close,Volume,Dividends,Stock Splits
2020-07-29 00:00:00-04:00,72.91746729,78.83710803,72.87018295,78.17516327,28304000,0,0
2020-07-30 00:00:00-04:00,75.65978903,76.86073485,74.33590679,75.58413696,16820300,0,0
2020-07-31 00:00:00-04:00,75.30044869,75.4328362,73.29571945,74.60068512,12021200,0,0
2020-08-03 00:00:00-04:00,73.54157463,74.84654745,73.20115478,74.6574173,10129800,0,0
2020-08-04 00:00:00-04:00,75.01675266,75.8299942,74.45882778,75.8299942,12569400,0,0
2020-08-05 00:00:00-04:00,76.57705063,79.43284745,76.18933922,77.1917038,14436300,0,0
2020-08-06 00:00:00-04:00,77.57941196,77.6361474,75.8583673,76.1420517,9838700,0,0
2020-08-07 00:00:00-04:00,76.11369187,76.39738352,75.09241782,75.67870331,8705800,0,0
2020-08-10 00:00:00-04:00,76.17041752,76.45410189,74.91272924,75.52738953,7421400,0,0
2020-08-11 00:00:00-04:00,74.78980694,74.89382672,73.70233917,73.70233917,7056300,0,0
2020-08-12 00:00:00-04:00,73.91036669,75.22479043,73.50374593,75.07348633,8354400,0,0
2020-08-13 00:00:00-04:00,74.70470025,74.79926172,73.59831592,74.04276276,6551800,0,0
2020-08-14 00:00:00-04:00,74.15622539,74.92218979,73.80634727,74.14677429,5611200,0,0
2020-08-17 00:00:00-04:00,75.46119946,76.49193164,75.32881197,75.8299942,8663900,0,0
2020-08-18 00:00:00-04:00,75.85837216,76.42574822,74.94111073,75.09241486,6804800,0,0
2020-08-19 00:00:00-04:00,74.71416889,74.92220847,73.99548864,74.26972198,7976800,0,0
2020-08-20 00:00:00-04:00,72.17040995,72.90799947,71.84889953,72.63376617,11457100,0,0
2020-08-21 00:00:00-04:00,73.77799583,74.44939899,73.62669889,74.08059692,7942300,0,0
2020-08-24 00:00:00-04:00,75.39501183,75.56522536,74.22242654,74.61013794,6405600,0,0
2020-08-25 00:00:00-04:00,75.50848429,76.10423525,75.14914781,75.68815613,6113100,0,0
2020-08-26 00:00:00-04:00,76.83235367,77.70233059,76.60540474,77.30516815,7821600,0,0
2020-08-27 00:00:00-04:00,77.7118005,77.83472968,75.81108397,76.21770477,8018200,0,0
2020-08-28 00:00:00-04:00,75.70706258,76.48247814,75.56522399,76.06640625,5699500,0,0
2020-08-31 00:00:00-04:00,74.70470142,75.42338158,74.4115587,74.9411087,9812900,0,0
2020-09-01 00:00:00-04:00,75.76380841,77.16333548,75.640872,77.11605835,10193300,0,0
2020-09-02 00:00:00-04:00,76.92693117,78.21298742,75.53685515,77.7023468,12567800,0,0
2020-09-03 00:00:00-04:00,76.70943125,77.36191039,74.11840246,76.76616669,20090100,0,0
2020-09-04 00:00:00-04:00,76.12313746,77.04039878,73.2011472,74.61959076,13638700,0,0
2020-09-08 00:00:00-04:00,73.77797289,74.8465383,73.021474,73.11603546,11553500,0,0
2020-09-09 00:00:00-04:00,74.34535728,75.36663116,74.27916354,75.08294678,7867500,0,0
2020-09-10 00:00:00-04:00,76.35009203,76.81345549,74.47775044,74.61013794,11241800,0,0
2020-09-11 00:00:00-04:00,75.65980128,75.93403464,74.32646052,74.53450012,7853500,0,0
2020-09-14 00:00:00-04:00,76.12313843,76.70943104,75.60303957,76.12313843,7091100,0,0
2020-09-15 00:00:00-04:00,77.12551606,82.07116,76.95530251,81.18226624,21048400,0,0
2020-09-16 00:00:00-04:00,81.78745997,81.78745997,78.52504241,78.61014557,14492600,0,0
2020-09-17 00:00:00-04:00,76.9914306,78.21759129,76.6207317,77.85639954,10090200,0.427,0
2020-09-18 00:00:00-04:00,78.29363066,78.74036495,76.14547276,76.25953674,10528300,0,0
2020-09-21 00:00:00-04:00,75.85082497,76.65875834,75.16645549,76.60172272,8417100,0,0
2020-09-22 00:00:00-04:00,76.82984707,76.88687544,75.47061532,76.49716949,6375200,0,0
2020-09-23 00:00:00-04:00,75.75575962,75.97438045,74.03533622,74.0638504,9094700,0,0
2020-09-24 00:00:00-04:00,73.01828786,75.09040307,72.40045398,74.50108337,9940900,0,0
2020-09-25 00:00:00-04:00,74.30148654,75.01437021,73.56008869,74.97634888,6057500,0,0
2020-09-28 00:00:00-04:00,76.33556552,76.39260113,75.53713945,75.82228851,5999300,0,0
2020-09-29 00:00:00-04:00,75.75575377,77.21954216,75.38505491,76.52567291,6114600,0,0
2020-09-30 00:00:00-04:00,76.60171184,77.88490806,76.5827048,77.05796051,5878900,0,0
2020-10-01 00:00:00-04:00,77.99897387,78.62631496,77.69481047,78.53126526,6253800,0,0
2020-10-02 00:00:00-04:00,76.71577314,78.13203308,76.62072345,76.80132294,6145900,0,0
2020-10-05 00:00:00-04:00,77.51421946,80.44178951,77.51421946,80.35624695,10129100,0,0
2020-10-06 00:00:00-04:00,79.62434215,80.27069024,78.67383069,79.0065155,7795600,0,0
2020-10-07 00:00:00-04:00,80.58437493,82.69451191,80.58437493,82.61846924,11446400,0,0
2020-10-08 00:00:00-04:00,84.46245784,84.46245784,82.23825702,83.45491791,10920800,0,0
2020-10-09 00:00:00-04:00,83.96818617,84.40542787,83.302831,84.38641357,7608800,0,0
2020-10-12 00:00:00-04:00,84.70959415,86.75318824,84.29136674,86.41101074,10022000,0,0
2020-10-13 00:00:00-04:00,86.02129796,86.16387615,85.00425086,85.20385742,8247000,0,0
2020-10-14 00:00:00-04:00,85.21337218,85.4319858,83.90166144,84.21533203,8159000,0,0
2020-10-15 00:00:00-04:00,82.97015711,85.0612797,82.8751074,83.78759766,10327900,0,0
2020-10-16 00:00:00-04:00,84.16779189,84.20580597,82.16221215,82.4093399,7457200,0,0
2020-10-19 00:00:00-04:00,83.96818155,85.18484235,82.97014884,83.22678375,7994500,0,0
2020-10-20 00:00:00-04:00,83.44540929,84.57652035,83.426395,83.89215088,7357600,0,0
2020-10-21 00:00:00-04:00,83.64501064,84.47195824,83.23629041,83.30282593,7387600,0,0
2020-10-22 00:00:00-04:00,84.06323294,84.53848865,83.53094161,83.84461212,5656200,0,0
2020-10-23 00:00:00-04:00,83.88262313,84.07272249,83.10320415,83.93965149,4165400,0,0
2020-10-26 00:00:00-04:00,82.89411534,83.43590666,81.52537633,82.43787384,5568000,0,0
2020-10-27 00:00:00-04:00,82.65648164,82.90361667,81.72498441,82.41885376,5315800,0,0
2020-10-28 00:00:00-04:00,80.93605387,81.18318889,79.6908789,79.70038605,8727300,0,0
2020-10-29 00:00:00-04:00,80.09959176,81.10713877,79.86196392,80.68891144,5845600,0,0
2020-10-30 00:00:00-04:00,80.25168259,80.55584597,79.04453623,79.7193985,4963600,0,0
2020-11-02 00:00:00-05:00,80.41325463,81.70595058,80.34671913,81.46832275,6597100,0,0
2020-11-03 00:00:00-05:00,81.92458978,83.87313404,81.80101865,83.35035706,6274700,0,0
2020-11-04 00:00:00-05:00,84.3293699,85.32740248,84.08223491,85.02323914,7620800,0,0
2020-11-05 00:00:00-05:00,85.94525054,86.45852764,85.3274166,85.95475769,6670100,0,0
2020-11-06 00:00:00-05:00,85.36542927,86.9717959,84.6430458,86.88625336,6403000,0,0
2020-11-09 00:00:00-05:00,87.63715055,87.90329984,84.53848852,84.62403107,8978000,0,0
2020-11-10 00:00:00-05:00,84.02521483,84.40542087,82.40934099,83.32183838,8350100,0,0
2020-11-11 00:00:00-05:00,85.07076612,86.66762548,84.93769511,86.38246918,7707300,0,0
2020-11-12 00:00:00-05:00,86.38248651,87.3425052,85.33692526,85.37494659,7474600,0,0
2020-11-13 00:00:00-05:00,87.00982973,89.1674878,86.69615917,88.60668945,9170900,0,0
2020-11-16 00:00:00-05:00,91.64831308,97.37039612,91.59128471,94.35726929,18436200,0,0
2020-11-17 00:00:00-05:00,93.13110694,93.23565652,90.95443504,90.97344208,10843700,0,0
2020-11-18 00:00:00-05:00,93.64438157,93.91053086,91.60078783,92.1330719,8526600,0,0
2020-11-19 00:00:00-05:00,91.98099653,92.06654634,90.88791408,91.82891846,5542800,0,0
2020-11-20 00:00:00-05:00,91.87644089,92.38971069,90.58374473,90.61225891,5329800,0,0
2020-11-23 00:00:00-05:00,92.35169167,94.03409367,92.0570282,93.27368164,8802400,0,0
2020-11-24 00:00:00-05:00,93.6158743,93.710924,91.26810977,91.8574295,7022800,0,0
2020-11-25 00:00:00-05:00,91.43920638,93.14062289,91.38217801,92.66536713,5194900,0,0
2020-11-27 00:00:00-05:00,93.66340097,94.35727028,93.19765238,93.85350037,4367100,0,0
2020-11-30 00:00:00-05:00,92.73189737,93.10259626,91.43920118,92.2186203,13840500,0,0
2020-12-01 00:00:00-05:00,93.80598308,99.13835322,93.64439061,95.86859131,16157300,0,0
2020-12-02 00:00:00-05:00,96.95217188,96.99019321,94.5949002,94.61391449,8676300,0,0
2020-12-03 00:00:00-05:00,96.05868513,96.18225626,94.50935408,94.57588959,7359000,0,0
2020-12-04 00:00:00-05:00,96.48642847,98.61557229,95.71650919,98.59656525,10824500,0,0
2020-12-07 00:00:00-05:00,100.7732318,102.284549,99.77519904,101.1249237,11793000,0,0
2020-12-08 00:00:00-05:00,102.4461349,102.5031632,99.90827074,100.4120407,9876200,0,0
2020-12-09 00:00:00-05:00,100.7637357,101.3245341,98.38745674,99.25241852,8204100,0,0
2020-12-10 00:00:00-05:00,97.90268317,99.90826299,97.14227108,99.07181549,7135000,0,0
2020-12-11 00:00:00-05:00,98.86268394,99.91775208,98.11177913,98.88169098,7492600,0,0
2020-12-14 00:00:00-05:00,98.63457358,99.7086562,98.37793867,98.43496704,5878000,0,0
2020-12-15 00:00:00-05:00,100.4500726,101.1154279,99.2524259,99.88926697,7399900,0,0
2020-12-16 00:00:00-05:00,100.4215318,100.4405388,98.81516519,99.9937973,5986900,0,0
2020-12-17 00:00:00-05:00,100.1293572,100.5302547,99.12710619,99.17483521,7779300,0.442,0
2020-12-18 00:00:00-05:00,99.27028689,100.0339074,98.46849191,99.53755188,7417000,0,0
2020-12-21 00:00:00-05:00,98.85029872,100.186631,98.62121548,100.0625458,6116400,0,0
2020-12-22 00:00:00-05:00,100.2916199,100.4347996,98.22985626,99.2130127,5597100,0,0
2020-12-23 00:00:00-05:00,99.90980991,100.1007187,98.88847172,99.04119873,3320800,0,0
2020-12-24 00:00:00-05:00,99.99573262,101.5038719,99.90982184,101.1507034,3172100,0,0
2020-12-28 00:00:00-05:00,102.7065637,103.250641,101.131601,101.3225098,5157000,0,0
2020-12-29 00:00:00-05:00,102.1338369,102.2770166,100.4347892,100.7593231,4602400,0,0
2020-12-30 00:00:00-05:00,102.8020179,104.711062,102.5156657,103.9474487,9571800,0,0
2020-12-31 00:00:00-05:00,104.6728838,104.6824238,103.5083658,104.0810776,4909500,0,0
2021-01-04 00:00:00-05:00,106.4005507,108.9109405,105.4269344,106.6200867,11262100,0,0
2021-01-05 00:00:00-05:00,107.2977973,109.7222762,106.9159871,107.6414185,10583600,0,0
2021-01-06 00:00:00-05:00,108.6723115,111.0967979,107.4314375,110.352272,10609300,0,0
2021-01-07 00:00:00-05:00,113.9126532,117.3489383,112.2422397,115.907608,13556100,0,0
2021-01-08 00:00:00-05:00,120.183855,120.5465707,111.6599742,113.2922058,18976800,0,0
2021-01-11 00:00:00-05:00,114.2944429,117.9788978,113.3971973,117.0243759,12006800,0,0
2021-01-12 00:00:00-05:00,119.4679674,119.5061419,116.1462279,117.4061966,14163200,0,0
2021-01-13 00:00:00-05:00,118.74254,119.1243503,112.6335977,113.807663,20650500,0,0
2021-01-14 00:00:00-05:00,117.8357367,128.5263801,116.1366887,120.6993027,37125400,0,0
2021-01-15 00:00:00-05:00,122.6274392,122.6942482,117.6066516,119.53479,17343100,0,0
2021-01-19 00:00:00-05:00,124.6509956,127.9536474,122.5987796,125.3287125,20443800,0,0
2021-01-20 00:00:00-05:00,129.0418156,129.9390685,124.1833027,124.6987381,17360700,0,0
2021-01-21 00:00:00-05:00,127.1900364,129.2422526,126.321418,128.0586548,15460100,0,0
2021-01-22 00:00:00-05:00,124.1260317,125.2810097,122.9519738,123.2669678,19163200,0,0
2021-01-25 00:00:00-05:00,125.834627,126.159161,121.5583656,124.5842056,20469300,0,0
2021-01-26 00:00:00-05:00,123.1810673,123.4387923,120.5084028,120.890213,17084600,0,0
2021-01-27 00:00:00-05:00,119.2675134,119.4106931,115.9744156,116.2034988,16732700,0,0
2021-01-28 00:00:00-05:00,118.8379822,121.7779116,117.9598238,120.1074982,14148100,0,0
2021-01-29 00:00:00-05:00,118.3607251,118.7043536,115.0676272,115.9935074,15169200,0,0
2021-02-01 00:00:00-05:00,118.8761682,121.0811116,117.7689192,120.8997574,10179900,0,0
2021-02-02 00:00:00-05:00,123.5819571,124.326483,121.6538187,122.5988007,9302400,0,0
2021-02-03 00:00:00-05:00,123.1333363,123.2669688,120.3270394,121.7015533,9676600,0,0
2021-02-04 00:00:00-05:00,121.7015499,122.3697123,120.2411325,122.3219833,7445100,0,0
2021-02-05 00:00:00-05:00,122.9328806,123.0187987,120.9379332,121.9688187,6226800,0,0
2021-02-08 00:00:00-05:00,122.8469808,127.1900589,122.8469808,126.5218964,11160000,0,0
2021-02-09 00:00:00-05:00,127.8868547,128.2973068,125.7582747,126.6459732,7929100,0,0
2021-02-10 00:00:00-05:00,128.0204532,129.8149588,126.4836726,127.6100159,12196300,0,0
2021-02-11 00:00:00-05:00,129.2422716,132.8980925,127.9632156,132.8312836,12347900,0,0
2021-02-12 00:00:00-05:00,132.6021852,133.4517092,130.9222319,131.7812958,11114100,0,0
2021-02-16 00:00:00-05:00,135.1698687,135.7330332,133.0794631,133.6808167,11833600,0,0
2021-02-17 00:00:00-05:00,132.8790049,133.2894424,129.9104411,130.0727081,12311200,0,0
2021-02-18 00:00:00-05:00,128.7172897,129.7004461,127.3332212,128.5072937,11614600,0,0
2021-02-19 00:00:00-05:00,129.9581461,131.6762883,129.5477087,130.4449615,10771900,0,0
2021-02-22 00:00:00-05:00,127.5145939,129.1277384,127.1232363,127.4955139,10363800,0,0
2021-02-23 00:00:00-05:00,123.2287903,125.7487277,119.6779602,123.2287903,18444700,0,0
2021-02-24 00:00:00-05:00,123.6201471,126.3596353,121.8733772,126.2832718,12782900,0,0
2021-02-25 00:00:00-05:00,125.538749,125.557829,120.002518,120.269783,13581200,0,0
2021-02-26 00:00:00-05:00,119.7256705,121.5965323,117.2439152,120.2124786,17281000,0,0
2021-03-01 00:00:00-05:00,123.7346844,124.3742123,121.4533702,123.2574234,9714900,0,0
2021-03-02 00:00:00-05:00,122.5892647,122.6751828,120.269783,120.269783,8274500,0,0
2021-03-03 00:00:00-05:00,120.9570138,121.9497174,117.129379,117.3011932,10660300,0,0
2021-03-04 00:00:00-05:00,116.4039512,117.549382,108.3286962,110.3331909,24454200,0,0
2021-03-05 00:00:00-05:00,115.4017023,115.7835125,110.1327372,115.3062515,17448700,0,0
2021-03-08 00:00:00-05:00,115.0580785,115.4971577,108.5291445,108.7486877,17246900,0,0
2021-03-09 00:00:00-05:00,111.7458875,113.0154035,110.0850213,111.087265,17717100,0,0
2021-03-10 00:00:00-05:00,112.4426818,112.6622178,108.2523313,108.6532288,15240300,0,0
2021-03-11 00:00:00-05:00,112.8626749,115.3062561,111.7458859,115.0962601,15091600,0,0
2021-03-12 00:00:00-05:00,113.5881149,113.5881149,111.9463359,112.9199524,8171000,0,0
2021-03-15 00:00:00-04:00,113.254045,113.6931242,111.4022698,113.6644897,8935000,0,0
2021-03-16 00:00:00-04:00,114.2753635,115.7357809,112.7290354,113.9221878,10793400,0,0
2021-03-17 00:00:00-04:00,112.8184464,114.5143128,110.5572863,113.7861481,9890400,0.448,0
2021-03-18 00:00:00-04:00,113.0579738,113.3741546,109.3213105,109.7045593,10283800,0,0
2021-03-19 00:00:00-04:00,109.589568,110.0782104,108.4685714,108.8709793,11536000,0,0
2021-03-22 00:00:00-04:00,109.9824061,113.3741459,109.9824061,112.2723083,9376400,0,0
2021-03-23 00:00:00-04:00,111.2375389,111.8603173,109.8195278,110.0782166,8977400,0,0
2021-03-24 00:00:00-04:00,107.7595734,109.8865974,104.2911823,104.3965759,24196100,0,0
2021-03-25 00:00:00-04:00,103.4767858,108.0278482,103.3713922,105.824173,16772400,0,0
2021-03-26 00:00:00-04:00,107.3092586,111.8124121,106.542761,111.6782761,12910900,0,0
2021-03-29 00:00:00-04:00,111.6686906,111.8698946,107.682915,109.5991516,10863600,0,0
2021-03-30 00:00:00-04:00,110.4518983,111.2279719,109.503363,110.2506943,8206200,0,0
2021-03-31 00:00:00-04:00,110.9405204,113.4028841,110.7201499,113.3262329,9806500,0,0
2021-04-01 00:00:00-04:00,117.6665127,119.6498174,116.545516,119.5731735,17904000,0,0
2021-04-05 00:00:00-04:00,121.7481078,122.0642886,117.5419685,119.2857437,14113900,0,0
2021-04-06 00:00:00-04:00,118.8066817,118.8162649,116.4497113,117.3120193,13042300,0,0
2021-04-07 00:00:00-04:00,117.3120252,117.4749035,114.8209113,114.8688202,11193200,0,0
2021-04-08 00:00:00-04:00,116.2964059,118.634217,116.2964059,118.2605515,10226700,0,0
2021-04-09 00:00:00-04:00,117.6090278,118.2701318,116.6030006,117.6569366,8315200,0,0
2021-04-12 00:00:00-04:00,117.0916347,117.3311643,114.2460222,115.8365021,9868400,0,0
2021-04-13 00:00:00-04:00,117.2737033,117.7527626,115.3095575,116.1910248,8384800,0,0
2021-04-14 00:00:00-04:00,116.8808521,117.3024265,115.4532579,115.7790146,9521900,0,0
2021-04-15 00:00:00-04:00,116.6030057,116.8904441,111.6782777,113.3933105,18709100,0,0
2021-04-16 00:00:00-04:00,114.198125,115.549068,112.9142426,113.8627777,9512100,0,0
2021-04-19 00:00:00-04:00,113.0579704,113.9011119,110.3752359,110.566864,12630300,0,0
2021-04-20 00:00:00-04:00,111.1896401,111.8890624,109.7524625,110.135704,9299200,0,0
2021-04-21 00:00:00-04:00,109.7045561,112.569328,109.0051264,112.4831009,8472200,0,0
2021-04-22 00:00:00-04:00,112.5789099,112.5789099,109.6183276,110.4902115,7411800,0,0
2021-04-23 00:00:00-04:00,111.6974364,113.7478091,111.074658,113.6711578,8380300,0,0
2021-04-26 00:00:00-04:00,114.9742128,116.4497161,114.3993432,116.4305496,8444000,0,0
2021-04-27 00:00:00-04:00,116.4113952,116.5551145,114.8688239,116.1910248,5491800,0,0
2021-04-28 00:00:00-04:00,114.9742172,115.3766252,113.7574099,114.6484604,6476500,0,0
2021-04-29 00:00:00-04:00,115.664047,115.7694406,112.6842984,114.1118927,8831800,0,0
2021-04-30 00:00:00-04:00,113.0675607,113.2304391,111.764519,111.8507462,7950700,0,0
2021-05-03 00:00:00-04:00,112.5501791,112.6268304,110.883055,111.084259,10229500,0,0
2021-05-04 00:00:00-04:00,110.1836183,110.9692752,108.9763871,110.5285416,9638300,0,0
2021-05-05 00:00:00-04:00,111.1417197,111.6111956,110.0398822,110.5476837,7059000,0,0
2021-05-06 00:00:00-04:00,110.4710702,112.7130641,109.6662468,112.0998688,8581700,0,0
2021-05-07 00:00:00-04:00,113.4412269,114.4185045,111.18965,111.9369812,9614300,0,0
2021-05-10 00:00:00-04:00,110.1644514,110.5476929,107.5296259,107.6062698,12281200,0,0
2021-05-11 00:00:00-04:00,105.1343474,108.2578085,104.5594705,108.1236725,10007700,0,0
2021-05-12 00:00:00-04:00,104.7702482,105.4792538,103.5342745,103.6779938,15058900,0,0
2021-05-13 00:00:00-04:00,104.779834,106.7631389,103.3809819,104.1953812,10552000,0,0
2021-05-14 00:00:00-04:00,105.9774748,108.1044988,105.6229684,107.7499924,8425200,0,0
2021-05-17 00:00:00-04:00,104.5019711,105.4217639,103.352232,105.2014008,10688600,0,0
2021-05-18 00:00:00-04:00,108.267377,108.7272771,106.1020275,106.1978378,7476600,0,0
2021-05-19 00:00:00-04:00,103.9558492,107.7787397,103.47679,107.6925125,7280500,0,0
2021-05-20 00:00:00-04:00,107.6829274,108.9572266,107.4050721,108.5356522,6442500,0,0
2021-05-21 00:00:00-04:00,109.2254909,109.2254909,107.0122398,107.165535,5979400,0,0
2021-05-24 00:00:00-04:00,107.5583619,109.7428705,107.4242259,108.8709793,6653600,0,0
2021-05-25 00:00:00-04:00,110.039894,110.1261284,108.842246,109.4937668,5331700,0,0
2021-05-26 00:00:00-04:00,109.2254945,111.1417313,109.2254945,111.1417313,6605100,0,0
2021-05-27 00:00:00-04:00,111.1417419,111.6495435,110.1836235,110.9213715,6513700,0,0
2021-05-28 00:00:00-04:00,111.4291526,112.9046482,111.0938053,112.4447556,5386500,0,0
2021-06-01 00:00:00-04:00,114.6963625,115.0125433,112.5118535,113.5466232,7596100,0,0
2021-06-02 00:00:00-04:00,113.9202839,114.4472446,112.9813246,113.9681854,5383400,0,0
2021-06-03 00:00:00-04:00,113.1058799,113.3070839,111.5824678,111.9273911,4912200,0,0
2021-06-04 00:00:00-04:00,113.2783323,114.8304793,113.1058707,114.5047226,5352100,0,0
2021-06-07 00:00:00-04:00,113.1921095,113.7765623,112.6459822,113.2687607,6266000,0,0
2021-06-08 00:00:00-04:00,112.6268241,112.7513768,110.2411039,111.0650864,11564800,0,0
2021-06-09 00:00:00-04:00,111.1417322,112.722629,111.1129899,112.2244034,6401600,0,0
2021-06-10 00:00:00-04:00,112.1381789,113.8723709,111.7453469,113.2879181,8566600,0,0
2021-06-11 00:00:00-04:00,113.3358186,113.4603713,112.2531475,113.297493,6036600,0,0
2021-06-14 00:00:00-04:00,113.5849258,115.9323127,113.4986914,115.9227295,7610300,0,0
2021-06-15 00:00:00-04:00,115.3095508,116.8904476,114.2747811,114.4472427,8196900,0,0
2021-06-16 00:00:00-04:00,114.5430451,114.878385,112.5788996,113.0771179,8059400,0,0
2021-06-17 00:00:00-04:00,113.1839003,115.6460902,113.0973351,114.5688858,7608100,0.451,0
2021-06-18 00:00:00-04:00,113.0203829,113.3858619,110.8082544,111.3660965,12532800,0,0
2021-06-21 00:00:00-04:00,110.9717588,110.9909988,108.701925,109.7791367,11116200,0,0
2021-06-22 00:00:00-04:00,109.163593,110.1157667,107.7305223,109.9618835,11792400,0,0
2021-06-23 00:00:00-04:00,111.760436,112.9338256,111.385337,111.6161728,8913700,0,0
2021-06-24 00:00:00-04:00,112.2605669,113.174268,111.8277553,112.7606964,6772200,0,0
2021-06-25 00:00:00-04:00,112.962676,113.4243402,112.0778275,112.0778275,6712800,0,0
2021-06-28 00:00:00-04:00,112.8087997,115.3671675,112.7030018,115.0401611,11026600,0,0
2021-06-29 00:00:00-04:00,114.8381764,115.6941723,113.8956153,115.636467,7874900,0,0
2021-06-30 00:00:00-04:00,115.5691376,116.1462123,114.4630733,115.5691376,7936400,0,0
2021-07-01 00:00:00-04:00,115.5114207,115.6172186,113.520508,113.895607,8295600,0,0
2021-07-02 00:00:00-04:00,114.2130071,114.6265787,113.8860007,114.3668976,5144300,0,0
2021-07-06 00:00:00-04:00,115.2709776,116.3385692,113.7032565,115.4633408,7181500,0,0
2021-07-07 00:00:00-04:00,116.0307955,116.4251345,113.6936364,113.7321091,7391800,0,0
2021-07-08 00:00:00-04:00,111.4430431,113.7609622,110.9717589,113.3666306,7565400,0,0
2021-07-09 00:00:00-04:00,113.4916527,116.1750579,113.1261738,115.9538422,8374200,0,0
2021-07-12 00:00:00-04:00,116.5597777,118.0409408,114.9535766,117.9447556,10668700,0,0
2021-07-13 00:00:00-04:00,118.4833718,120.6858804,117.4638655,119.1662445,13460200,0,0
2021-07-14 00:00:00-04:00,120.3684928,120.9744202,119.3297538,119.6375275,10587700,0,0
2021-07-15 00:00:00-04:00,115.5306691,116.0885039,112.4048394,113.0396194,23734500,0,0
2021-07-16 00:00:00-04:00,114.2130175,114.443846,110.7697939,111.3180161,12110000,0,0
2021-07-19 00:00:00-04:00,109.6444891,111.2025977,108.9039112,110.9429092,9230200,0,0
2021-07-20 00:00:00-04:00,111.4526601,112.4048412,110.058062,111.9527969,7108000,0,0
2021-07-21 00:00:00-04:00,111.7892894,113.3666306,111.5007484,113.3666306,5564700,0,0
2021-07-22 00:00:00-04:00,113.5782174,113.5782174,111.7700479,112.1066742,5746500,0,0
2021-07-23 00:00:00-04:00,113.1550317,113.1550317,110.9236706,112.3278885,5773900,0,0
2021-07-26 00:00:00-04:00,111.3661035,111.6642572,110.481255,111.2314529,6440600,0,0
2021-07-27 00:00:00-04:00,110.9140562,110.9910015,107.7689939,109.2020645,11127500,0,0
2021-07-28 00:00:00-04:00,109.5867826,111.0967985,109.52907,110.6736069,6819700,0,0
2021-07-29 00:00:00-04:00,111.5680708,112.6356624,111.1929718,111.7123413,7162000,0,0
2021-07-30 00:00:00-04:00,111.08718,112.9338222,110.7890262,112.1836243,6482600,0,0
2021-08-02 00:00:00-04:00,113.010773,113.8571489,112.2028697,112.3952255,6028800,0,0
2021-08-03 00:00:00-04:00,112.8280226,114.10721,112.3759784,113.8860016,5874700,0,0
2021-08-04 00:00:00-04:00,113.9052383,114.98245,113.7609678,114.203392,4254000,0,0
2021-08-05 00:00:00-04:00,114.5207838,114.684287,113.7224932,114.6650543,4452300,0,0
2021-08-06 00:00:00-04:00,113.8475245,114.068733,112.9626688,113.693634,4338100,0,0
2021-08-09 00:00:00-04:00,113.8956182,114.2514845,112.8376465,113.7032623,4280200,0,0
2021-08-10 00:00:00-04:00,113.9725522,114.5015416,109.7214258,111.9143143,5132800,0,0
2021-08-11 00:00:00-04:00,112.048981,112.808799,110.798646,111.5584641,4490400,0,0
2021-08-12 00:00:00-04:00,111.1352626,111.5199742,110.067671,111.2795258,6338400,0,0
2021-08-13 00:00:00-04:00,110.6736095,111.1064137,110.1157673,111.0871811,4593200,0,0
2021-08-16 00:00:00-04:00,110.7024562,111.0679425,109.7406625,110.250412,5435900,0,0
2021-08-17 00:00:00-04:00,109.3848008,109.5002114,106.5186524,106.8648987,13398800,0,0
2021-08-18 00:00:00-04:00,107.4708403,108.6827026,106.1628002,106.2301254,9167300,0,0
2021-08-19 00:00:00-04:00,104.8355163,106.7302512,103.5659489,106.2974396,12146900,0,0
2021-08-20 00:00:00-04:00,104.9701775,105.5183997,103.614052,103.989151,13042000,0,0
2021-08-23 00:00:00-04:00,105.8742737,107.0765161,105.0952157,106.7206497,9533500,0,0
2021-08-24 00:00:00-04:00,107.5477848,108.7500271,107.5285522,107.8267059,6719800,0,0
2021-08-25 00:00:00-04:00,111.2891484,114.6265737,111.1929705,112.5587158,22106800,0,0
2021-08-26 00:00:00-04:00,113.4724343,113.9340912,111.9047057,113.5878448,9892100,0,0
2021-08-27 00:00:00-04:00,113.8090608,114.742002,113.1935134,113.962944,6827700,0,0
2021-08-30 00:00:00-04:00,114.3380345,114.9343492,113.9437029,114.4438324,6434200,0,0
2021-08-31 00:00:00-04:00,115.4248752,116.1846931,114.1649203,114.4630814,8424900,0,0
2021-09-01 00:00:00-04:00,115.6268452,116.7232895,114.9920578,115.8576736,8603900,0,0
2021-09-02 00:00:00-04:00,116.319327,116.7521312,115.8576628,116.1750565,6866400,0,0
2021-09-03 00:00:00-04:00,116.9348949,119.7240984,116.6271212,119.2335815,10361400,0,0
2021-09-07 00:00:00-04:00,119.8587463,120.4935264,119.1566336,119.9356842,9739900,0,0
2021-09-08 00:00:00-04:00,118.2717789,118.435282,116.5982598,117.2330399,7983300,0,0
2021-09-09 00:00:00-04:00,117.5215744,118.7719018,117.2234134,117.9928513,5101300,0,0
2021-09-10 00:00:00-04:00,118.3198519,119.5894193,118.1948214,118.2717667,5163900,0,0
2021-09-13 00:00:00-04:00,118.2429373,119.3586143,117.5312046,118.8969574,6622800,0,0
2021-09-14 00:00:00-04:00,118.9065613,118.9065613,117.7235591,118.3871918,5110500,0,0
2021-09-15 00:00:00-04:00,117.7331842,117.8197421,116.2616335,116.8579483,5566500,0,0
2021-09-16 00:00:00-04:00,115.8892906,116.9805788,115.2615555,116.6522293,7301400,0.497,0
2021-09-17 00:00:00-04:00,116.0727954,116.3432026,113.658435,113.7163773,10722700,0,0
2021-09-20 00:00:00-04:00,111.2537232,112.035981,109.6602513,110.7708511,8991000,0,0
2021-09-21 00:00:00-04:00,111.6883156,111.9007805,110.6259985,111.0219498,8182200,0,0
2021-09-22 00:00:00-04:00,111.2827192,112.2581157,110.9736813,111.900795,5345600,0,0
2021-09-23 00:00:00-04:00,112.9630952,112.9630952,111.6303636,112.209816,5484700,0,0
2021-09-24 00:00:00-04:00,112.0263184,112.5671327,111.5724175,111.6786499,4455900,0,0
2021-09-27 00:00:00-04:00,111.7365915,112.5767915,111.070233,112.1711807,5198800,0,0
2021-09-28 00:00:00-04:00,110.4135388,111.0992164,108.0184899,108.0667801,9792300,0,0
2021-09-29 00:00:00-04:00,108.4530778,108.9842327,107.216919,107.7963715,6522400,0,0
2021-09-30 00:00:00-04:00,108.5786119,109.4670947,107.8253326,107.8253326,6433400,0,0
2021-10-01 00:00:00-04:00,108.163356,108.4530823,106.5215938,107.7384262,5315200,0,0
2021-10-04 00:00:00-04:00,107.1975999,107.6128702,104.8025512,105.2854233,8514500,0,0
2021-10-05 00:00:00-04:00,106.0387223,106.5698772,105.4785889,105.5172195,8039600,0,0
2021-10-06 00:00:00-04:00,104.7252957,105.7682938,103.8947552,105.5944595,7553600,0,0
2021-10-07 00:00:00-04:00,107.1976144,107.8832919,106.7050828,107.0334396,7821900,0,0
2021-10-08 00:00:00-04:00,107.1782945,107.2652079,105.7586493,106.2704926,5143400,0,0
2021-10-11 00:00:00-04:00,106.3091293,107.8832898,106.135295,106.4829636,5318500,0,0
2021-10-12 00:00:00-04:00,106.685766,107.2265804,104.8411909,105.4592667,9294600,0,0
2021-10-13 00:00:00-04:00,105.5751526,106.2801491,105.2178246,106.2125473,7845100,0,0
2021-10-14 00:00:00-04:00,110.2300479,110.809493,107.3521342,108.7041702,16930500,0,0
2021-10-15 00:00:00-04:00,110.848108,111.0122827,109.090454,110.9253693,11558800,0,0
2021-10-18 00:00:00-04:00,109.5346967,111.3985831,109.5346967,111.3889236,6773800,0,0
2021-10-19 00:00:00-04:00,111.8331859,112.9727644,111.6690038,112.9534454,5406100,0,0
2021-10-20 00:00:00-04:00,112.876182,113.0210451,111.5917478,111.6303711,8205800,0,0
2021-10-21 00:00:00-04:00,111.0702451,112.3643388,110.6839459,112.3063965,4640300,0,0
2021-10-22 00:00:00-04:00,112.2581037,113.1369345,110.3169632,110.3169632,6283000,0,0
2021-10-25 00:00:00-04:00,110.4811371,110.6260002,109.2353263,109.7471695,6667700,0,0
2021-10-26 00:00:00-04:00,111.0026444,111.350313,109.8244353,110.2686768,4852300,0,0
2021-10-27 00:00:00-04:00,110.1238084,111.1185237,109.8147705,109.8534012,5394500,0,0
2021-10-28 00:00:00-04:00,109.7664904,112.04564,109.6505985,112.0359879,5714300,0,0
2021-10-29 00:00:00-04:00,110.1624428,110.2783347,109.3415616,109.8051147,7118900,0,0
2021-11-01 00:00:00-04:00,109.6892288,110.423189,109.4671043,110.2107315,4955700,0,0
2021-11-02 00:00:00-04:00,109.6988816,110.8674386,109.6505988,110.2010727,4479700,0,0
2021-11-03 00:00:00-04:00,109.5540107,110.191398,108.8683333,110.1044846,6073000,0,0
2021-11-04 00:00:00-04:00,109.4864175,113.8129472,108.559304,113.7550049,14682800,0,0
2021-11-05 00:00:00-04:00,114.121992,115.4354047,112.2677648,113.7646713,8668100,0,0
2021-11-08 00:00:00-05:00,114.3344556,118.0622288,113.0403619,116.7681351,15776300,0,0
2021-11-09 00:00:00-05:00,117.0964941,119.0472943,116.0534885,117.6083374,10874100,0,0
2021-11-10 00:00:00-05:00,115.5030062,116.6619037,113.6487791,114.1509628,9046100,0,0
2021-11-11 00:00:00-05:00,115.1746577,116.3432073,113.764672,114.1413116,6994000,0,0
2021-11-12 00:00:00-05:00,114.3344574,114.7497278,113.2528213,114.6241837,6947200,0,0
2021-11-15 00:00:00-05:00,115.23259,115.5416278,113.4845954,114.0737,5157000,0,0
2021-11-16 00:00:00-05:00,113.6584403,114.3247988,113.146597,114.03508,5555100,0,0
2021-11-17 00:00:00-05:00,113.9578198,115.4547263,113.4846072,114.9815063,6391400,0,0
2021-11-18 00:00:00-05:00,115.8603266,119.3273446,115.6961519,119.1631699,13229700,0,0
2021-11-19 00:00:00-05:00,117.8497595,120.5248749,117.8401,120.0033722,9071800,0,0
2021-11-22 00:00:00-05:00,119.2694052,123.7021674,118.9893385,120.4765854,16076100,0,0
2021-11-23 00:00:00-05:00,118.5161257,118.9796787,115.4257399,117.202713,10984000,0,0
2021-11-24 00:00:00-05:00,115.8893042,116.7295043,114.3441149,116.5749817,6992600,0,0
2021-11-26 00:00:00-05:00,113.4749458,114.9621928,112.5285132,113.0789871,6766900,0,0
2021-11-29 00:00:00-05:00,114.3054868,115.7734148,113.8612454,115.1939697,7634000,0,0
2021-11-30 00:00:00-05:00,114.0543787,116.0534687,111.794541,113.1369247,10561800,0,0
2021-12-01 00:00:00-05:00,115.1360309,119.2790746,115.1360309,116.4977264,12924400,0,0
2021-12-02 00:00:00-05:00,116.2273061,119.1728287,115.9086088,117.5310593,8425500,0,0
2021-12-03 00:00:00-05:00,116.8550395,117.6759205,113.9384954,115.2422485,7809000,0,0
2021-12-06 00:00:00-05:00,114.8173256,115.4064301,112.5864588,115.0587616,5681200,0,0
2021-12-07 00:00:00-05:00,116.4108134,118.3809326,116.1404062,118.129837,7459200,0,0
2021-12-08 00:00:00-05:00,117.4634577,118.0332505,115.9955298,117.6276398,5795700,0,0
2021-12-09 00:00:00-05:00,117.0288837,117.9077071,115.3967736,115.4064331,6103900,0,0
2021-12-10 00:00:00-05:00,115.8893106,116.6522494,114.1895986,115.0491104,5973900,0,0
2021-12-13 00:00:00-05:00,114.7883486,114.9525233,112.4029594,112.4319305,5854300,0,0
2021-12-14 00:00:00-05:00,111.4855154,112.9727624,111.3020216,112.3063965,6267300,0,0
2021-12-15 00:00:00-05:00,112.7892671,116.3818367,112.4898887,116.2756042,6700700,0,0
2021-12-16 00:00:00-05:00,116.6984013,117.0959979,112.6255,113.0424881,9116100,0.496,0
2021-12-17 00:00:00-05:00,112.7709502,113.9346341,112.4218436,112.8000412,11725600,0,0
2021-12-20 00:00:00-05:00,112.4121551,113.0909769,110.4629848,111.4618149,6980800,0,0
2021-12-21 00:00:00-05:00,112.5576166,113.9443438,111.5975769,113.8861618,6122900,0,0
2021-12-22 00:00:00-05:00,113.3819017,117.7651269,113.2946287,117.629364,9300100,0,0
2021-12-23 00:00:00-05:00,117.2996401,118.1045253,116.2135296,117.0281143,6512500,0,0
2021-12-27 00:00:00-05:00,117.5517821,119.5300508,117.5323831,118.9869919,6309900,0,0
2021-12-28 00:00:00-05:00,119.6464035,119.9179367,118.1821029,118.3663483,6321000,0,0
2021-12-29 00:00:00-05:00,118.1142206,119.4233668,117.3093354,117.7360229,5847700,0,0
2021-12-30 00:00:00-05:00,117.3384285,117.871788,116.5529422,116.7759781,4187800,0,0
2021-12-31 00:00:00-05:00,117.6778334,118.0657305,116.5820309,116.6693039,3888200,0,0
2022-01-03 00:00:00-05:00,120.3737247,125.6684999,120.2476613,124.9024124,18592000,0,0
2022-01-04 00:00:00-05:00,126.909751,131.3996477,126.3570074,129.3631897,25554900,0,0
2022-01-05 00:00:00-05:00,126.7546064,126.9194603,123.0404964,123.2150497,17891200,0,0
2022-01-06 00:00:00-05:00,123.1568646,125.0963427,121.0331336,124.5823822,16249000,0,0
2022-01-07 00:00:00-05:00,122.7204943,123.2926368,119.5785341,119.7627869,21248100,0,0
2022-01-10 00:00:00-05:00,121.3240614,122.0610652,119.5300455,121.2270889,11857700,0,0
2022-01-11 00:00:00-05:00,122.7107887,125.6297056,121.7022592,125.2612,12113100,0,0
2022-01-12 00:00:00-05:00,126.5509625,128.8977296,126.2794368,128.2286072,16389200,0,0
2022-01-13 00:00:00-05:00,136.4907876,140.612179,134.7161631,134.9779968,52020000,0,0
2022-01-14 00:00:00-05:00,131.9717887,139.5260645,131.9717887,136.4035034,28255300,0,0
2022-01-18 00:00:00-05:00,132.6118338,133.0288145,129.2565297,129.7801971,15191400,0,0
2022-01-19 00:00:00-05:00,130.5462758,131.7875407,126.9776429,127.045517,11155100,0,0
2022-01-20 00:00:00-05:00,127.9279769,128.7328621,124.3205463,124.4466171,11421900,0,0
2022-01-21 00:00:00-05:00,123.2344419,124.1072085,120.5094701,120.7616043,15573700,0,0
2022-01-24 00:00:00-05:00,120.0246073,122.2550102,116.4947575,122.1483383,17083400,0,0
2022-01-25 00:00:00-05:00,121.6925527,122.0125684,118.0172408,118.7736435,11370500,0,0
2022-01-26 00:00:00-05:00,121.5858949,122.8368593,118.2015073,119.3554993,13592100,0,0
2022-01-27 00:00:00-05:00,120.247645,120.3834079,112.5188234,112.8582306,18599800,0,0
2022-01-28 00:00:00-05:00,115.117737,115.9808043,110.7345192,114.0510254,14005900,0,0
2022-01-31 00:00:00-05:00,115.9032088,119.0548608,115.214695,118.9190979,10189100,0,0
2022-02-01 00:00:00-05:00,119.1809308,119.5106385,116.4656585,119.3263931,6956300,0,0
2022-02-02 00:00:00-05:00,122.4101636,122.6428989,118.8415236,120.3931046,8562900,0,0
2022-02-03 00:00:00-05:00,117.7748198,120.1312863,115.6413966,116.2135391,9926800,0,0
2022-02-04 00:00:00-05:00,116.7953756,118.1433123,115.7771466,117.3578186,5743200,0,0
2022-02-07 00:00:00-05:00,118.8512147,120.3446137,118.1917918,118.6087799,6562900,0,0
2022-02-08 00:00:00-05:00,118.3081776,120.111893,117.9299799,119.9664307,7036200,0,0
2022-02-09 00:00:00-05:00,121.1010167,121.7507476,119.0451746,121.7216492,10979700,0,0
2022-02-10 00:00:00-05:00,121.0234452,124.7666388,120.5967576,120.9361649,10474900,0,0
2022-02-11 00:00:00-05:00,121.7022636,122.7495837,116.8050779,117.3481369,9845700,0,0
2022-02-14 00:00:00-05:00,116.3201985,117.8717869,114.4292102,116.1456451,8081800,0,0
2022-02-15 00:00:00-05:00,118.3275522,120.8391801,117.7845007,120.7518997,9248700,0,0
2022-02-16 00:00:00-05:00,119.4136774,120.5288788,117.8911872,119.8597565,5749500,0,0
2022-02-17 00:00:00-05:00,118.7833394,119.0354736,116.0292839,116.1359558,7976700,0,0
2022-02-18 00:00:00-05:00,116.8729531,117.0378144,114.8655935,115.6995697,8389000,0,0
2022-02-22 00:00:00-05:00,113.9443425,115.7480578,112.2182081,113.3722,9793500,0,0
2022-02-23 00:00:00-05:00,114.9625635,115.8159311,112.2569907,112.3927536,8114700,0,0
2022-02-24 00:00:00-05:00,104.7318153,108.5913798,101.2213573,108.4944,27539100,0,0
2022-02-25 00:00:00-05:00,108.8919957,109.5805095,106.0506601,107.8640747,14258900,0,0
2022-02-28 00:00:00-05:00,106.0603746,106.4482643,101.8226118,103.7717896,26390800,0,0
2022-03-01 00:00:00-05:00,106.6712998,107.7477108,103.8105725,104.7803116,20377900,0,0
2022-03-02 00:00:00-05:00,105.1197226,106.6422128,104.5960626,106.2931061,13342400,0,0
2022-03-03 00:00:00-05:00,106.5840276,106.6713006,104.3439253,105.4979172,10841700,0,0
2022-03-04 00:00:00-05:00,103.762087,104.8481975,100.6686168,101.8807907,22372100,0,0
2022-03-07 00:00:00-05:00,100.164349,100.9401358,96.06234952,96.28539276,29422900,0,0
2022-03-08 00:00:00-05:00,97.17755179,99.98979658,95.63567021,96.97390747,25650000,0,0
2022-03-09 00:00:00-05:00,101.3474363,102.5208198,99.6503929,101.7741165,14348400,0,0
2022-03-10 00:00:00-05:00,101.0371225,102.3365694,99.41765257,100.8140793,11811000,0,0
2022-03-11 00:00:00-05:00,102.1717141,102.1717141,98.23457566,98.34124756,18116400,0,0
2022-03-14 00:00:00-04:00,98.44790418,98.7776193,96.07204649,96.29508972,17959400,0,0
2022-03-15 00:00:00-04:00,95.06352528,99.04915367,94.66593608,99.00066376,13415600,0,0
2022-03-16 00:00:00-04:00,100.3550955,103.0834631,100.1797003,102.9860229,20347100,0.49,0
2022-03-17 00:00:00-04:00,103.0444906,103.8045339,102.0700746,103.7655563,8042000,0,0
2022-03-18 00:00:00-04:00,103.0055152,104.3014903,102.2064944,103.9896774,10218200,0,0
2022-03-21 00:00:00-04:00,103.9896824,104.4768905,102.4403571,104.1845627,10366100,0,0
2022-03-22 00:00:00-04:00,103.6681037,105.1979363,103.512201,104.3014755,10401200,0,0
2022-03-23 00:00:00-04:00,103.7752963,105.4220616,102.6547165,102.6547165,12905300,0,0
2022-03-24 00:00:00-04:00,104.0481325,105.2174361,103.1224403,105.1589661,10834000,0,0
2022-03-25 00:00:00-04:00,104.9348586,105.2174401,103.1321831,103.9994202,7432100,0,0
2022-03-28 00:00:00-04:00,102.9178152,103.9896713,101.933653,103.6096497,8151200,0,0
2022-03-29 00:00:00-04:00,105.1589658,106.951895,104.0578785,106.4549408,14076200,0,0
2022-03-30 00:00:00-04:00,105.0322987,106.542639,103.7850475,103.9994202,15456300,0,0
2022-03-31 00:00:00-04:00,104.2235256,104.408667,101.5243968,101.5926056,13021600,0,0
2022-04-01 00:00:00-04:00,103.0639805,103.2393757,99.59506183,100.1602249,12085100,0,0
2022-04-04 00:00:00-04:00,101.3587501,102.8690979,100.6376843,102.1090546,9077200,0,0
2022-04-05 00:00:00-04:00,101.8069945,101.9239197,99.49762573,99.8776474,12291000,0,0
2022-04-06 00:00:00-04:00,97.85084956,99.52684621,97.16876136,98.59140778,14902600,0,0
2022-04-07 00:00:00-04:00,97.85085548,98.64013751,97.10055841,97.94829559,12431000,0,0
2022-04-08 00:00:00-04:00,98.04573079,98.12367842,96.58410694,96.74975586,11796200,0,0
2022-04-11 00:00:00-04:00,95.70714818,95.86305089,94.4306655,95.07377625,12480500,0,0
2022-04-12 00:00:00-04:00,97.44160037,97.58776426,94.94709778,94.94709778,13291500,0,0
2022-04-13 00:00:00-04:00,97.24672445,99.6048095,96.95439667,98.90322876,15776800,0,0
2022-04-14 00:00:00-04:00,101.3392569,101.8264649,95.81432035,95.84355164,17828500,0,0
2022-04-18 00:00:00-04:00,95.44404406,97.2856897,94.97632854,96.24306488,10277400,0,0
2022-04-19 00:00:00-04:00,95.92150779,96.90566254,95.21018088,96.90566254,10103000,0,0
2022-04-20 00:00:00-04:00,97.8313586,98.41600666,96.36973474,96.47692108,8596900,0,0
2022-04-21 00:00:00-04:00,97.19799434,98.07497021,94.91786451,95.16146851,13038500,0,0
2022-04-22 00:00:00-04:00,94.54757672,95.28813491,92.9203039,93.2321167,11650100,0,0
2022-04-25 00:00:00-04:00,92.61822883,93.81675615,92.03357337,93.77777863,10654400,0,0
2022-04-26 00:00:00-04:00,92.51106446,92.58901209,90.39657593,90.39657593,14176000,0,0
2022-04-27 00:00:00-04:00,89.49035428,90.31861375,87.91180525,87.95078278,15846300,0,0
2022-04-28 00:00:00-04:00,89.80217928,93.73881326,89.43189646,92.78388977,15176200,0,0
2022-04-29 00:00:00-04:00,90.79607896,93.14441755,90.39656485,90.55247498,10629300,0,0
2022-05-02 00:00:00-04:00,90.13347799,91.858191,88.90571177,91.3612442,8251900,0,0
2022-05-03 00:00:00-04:00,90.40631364,91.6438261,90.14322459,91.23456573,9511900,0,0
2022-05-04 00:00:00-04:00,91.50740774,93.61214238,89.5683146,93.53418732,9082500,0,0
2022-05-05 00:00:00-04:00,91.63408031,91.96537818,88.88622753,89.79243469,11517200,0,0
2022-05-06 00:00:00-04:00,89.06161696,90.50374836,87.9605222,89.28572845,7944900,0,0
2022-05-09 00:00:00-04:00,87.63897836,87.88258237,84.78393916,85.06652069,11428600,0,0
2022-05-10 00:00:00-04:00,87.71691882,87.98001529,85.83629578,86.54762268,11690400,0,0
2022-05-11 00:00:00-04:00,86.5963556,88.25285989,85.55373074,85.58296204,11531300,0,0
2022-05-12 00:00:00-04:00,84.01414813,85.95323388,83.20538107,85.44654083,11592900,0,0
2022-05-13 00:00:00-04:00,86.59634778,89.0226414,85.90451335,88.63287354,11180600,0,0
2022-05-16 00:00:00-04:00,87.5707764,89.03240053,87.21023977,88.09696198,6729100,0,0
2022-05-17 00:00:00-04:00,90.91301007,91.09814404,90.00680295,90.93249512,7668800,0,0
2022-05-18 00:00:00-04:00,89.71447627,90.84480234,88.05797213,88.21387482,9610900,0,0
2022-05-19 00:00:00-04:00,87.54152489,89.743707,87.26868961,87.90206146,7739000,0,0
2022-05-20 00:00:00-04:00,90.6596714,90.6596714,86.55738066,88.45748901,10469900,0,0
2022-05-23 00:00:00-04:00,88.6913347,89.55857172,88.33080556,89.15905762,6920500,0,0
2022-05-24 00:00:00-04:00,87.22971601,87.50255873,86.25530002,86.45018768,8788600,0,0
2022-05-25 00:00:00-04:00,87.04459082,88.59390883,86.76200926,88.09696198,9113500,0,0
2022-05-26 00:00:00-04:00,87.12252681,89.03238103,86.76199026,88.67184448,9762700,0,0
2022-05-27 00:00:00-04:00,90.25041446,91.41971071,90.16271316,91.37098694,6279000,0,0
2022-05-31 00:00:00-04:00,93.09569703,93.82650896,92.09204983,92.86183929,9621700,0,0
2022-06-01 00:00:00-04:00,93.15417225,93.89473053,91.42945913,92.3259201,6152400,0,0
2022-06-02 00:00:00-04:00,91.58534545,93.90445997,91.22481633,93.87522125,6335000,0,0
2022-06-03 00:00:00-04:00,91.94589626,92.16026897,90.52324976,91.37098694,9137100,0,0
2022-06-06 00:00:00-04:00,92.56952041,93.09570594,90.494017,90.72787476,9440200,0,0
2022-06-07 00:00:00-04:00,90.29912126,91.45867858,89.42214545,91.4391861,7360200,0,0
2022-06-08 00:00:00-04:00,91.59509832,92.50130544,90.75710001,91.07865906,6446300,0,0
2022-06-09 00:00:00-04:00,90.62069177,91.1078998,88.47697946,88.5256958,8086700,0,0
2022-06-10 00:00:00-04:00,88.22361563,88.39901079,86.36247771,86.41120148,10460400,0,0
2022-06-13 00:00:00-04:00,83.85824445,84.60854899,82.84485085,83.36129761,14603700,0,0
2022-06-14 00:00:00-04:00,84.52083607,85.63166964,84.08235187,84.9593277,10449600,0,0
2022-06-15 00:00:00-04:00,85.27114417,87.51229646,85.13472653,86.8496933,11742500,0,0
2022-06-16 00:00:00-04:00,83.47712367,84.1726022,82.27227574,82.79143524,10505200,0.467,0
2022-06-17 00:00:00-04:00,83.26161194,83.84933947,82.23308315,83.26161194,9735500,0,0
2022-06-21 00:00:00-04:00,84.24116205,85.95537175,84.24116205,85.17173004,9604000,0,0
2022-06-22 00:00:00-04:00,82.90897204,84.41747741,82.82081628,83.17345428,7868700,0,0
2022-06-23 00:00:00-04:00,82.4093949,82.50735571,81.06741853,82.3996048,10370300,0,0
2022-06-24 00:00:00-04:00,82.42899866,84.77991629,82.42899866,84.16279602,10670100,0,0
2022-06-27 00:00:00-04:00,85.14234571,85.22071138,83.82975444,84.10402679,7358000,0,0
2022-06-28 00:00:00-04:00,84.38809228,85.03459031,82.61510468,82.61510468,8289200,0,0
2022-06-29 00:00:00-04:00,82.70326309,82.87958208,81.62576146,81.93921661,7981300,0,0
2022-06-30 00:00:00-04:00,79.7940093,80.53846815,78.48141807,80.07807922,14201600,0,0
2022-07-01 00:00:00-04:00,77.42349604,77.59981503,74.62198739,75.42521667,19531700,0,0
2022-07-05 00:00:00-04:00,73.02532808,74.59260385,72.23188888,74.55342102,22253100,0,0
2022-07-06 00:00:00-04:00,72.7706482,74.73954249,72.27107645,74.01467133,11530500,0,0
2022-07-07 00:00:00-04:00,76.99251006,79.3042451,76.73782536,79.00058746,15847800,0,0
2022-07-08 00:00:00-04:00,78.28550132,80.47969497,78.12877747,79.84298706,10004200,0,0
2022-07-11 00:00:00-04:00,78.13856341,78.62833755,77.20799553,77.49206543,9519600,0,0
2022-07-12 00:00:00-04:00,79.5001517,79.81360689,77.31575548,77.48227692,10363700,0,0
2022-07-13 00:00:00-04:00,77.65858544,80.04868561,77.28635979,79.62747955,14706500,0,0
2022-07-14 00:00:00-04:00,81.25353289,82.32124448,78.86343999,81.9588089,23377000,0,0
2022-07-15 00:00:00-04:00,83.82975021,84.28034156,82.25267676,83.87872314,14061000,0,0
2022-07-18 00:00:00-04:00,84.29992692,84.31952207,81.66494699,81.87065125,11352500,0,0
2022-07-19 00:00:00-04:00,83.26160994,84.70154721,82.83060627,84.38809204,10673100,0,0
2022-07-20 00:00:00-04:00,83.43792182,84.9758123,83.36935374,84.78969574,11664800,0,0
2022-07-21 00:00:00-04:00,84.90724579,86.00434256,84.63297346,85.99454498,7135000,0,0
2022-07-22 00:00:00-04:00,85.62233049,85.93578569,84.04525695,84.55461884,8612100,0,0
2022-07-25 00:00:00-04:00,84.53502655,84.92683992,83.87872347,84.53502655,5960900,0,0
2022-07-26 00:00:00-04:00,83.02652416,83.45752037,82.13513153,82.69347382,6977700,0,0
2022-07-27 00:00:00-04:00,83.56527001,86.10230421,83.56527001,85.83782196,9399500,0,0
2022-07-28 00:00:00-04:00,85.3480555,86.8075881,84.68196224,86.79779053,10668200,0,0
2022-07-29 00:00:00-04:00,86.02393518,87.38550678,85.99454993,86.67044067,10366200,0,0
2022-08-01 00:00:00-04:00,83.55548416,85.11296258,82.57593573,84.54482269,20102600,0,0
2022-08-02 00:00:00-04:00,82.791423,85.72027793,82.44858257,84.29013824,15541600,0,0
2022-08-03 00:00:00-04:00,84.2019757,84.99540748,82.83060651,84.74073029,20779400,0,0
2022-08-04 00:00:00-04:00,85.22070695,86.61166382,84.84848126,86.61166382,13472500,0,0
2022-08-05 00:00:00-04:00,86.22963201,89.11930385,86.21004433,87.93404388,13293500,0,0
2022-08-08 00:00:00-04:00,87.16021062,87.27775163,85.13254594,86.14147949,12120300,0,0
2022-08-09 00:00:00-04:00,85.16193764,85.35784433,82.71306672,83.46731567,13075000,0,0
2022-08-10 00:00:00-04:00,85.03459156,86.85655212,84.54481737,86.85655212,10704600,0,0
2022-08-11 00:00:00-04:00,88.12017453,89.13890578,87.48346657,87.68917084,11158800,0,0
2022-08-12 00:00:00-04:00,87.84589505,89.48173898,87.80671222,89.00176239,12098800,0,0
2022-08-15 00:00:00-04:00,88.16914219,90.05967066,88.15934462,89.69723511,15949500,0,0
2022-08-16 00:00:00-04:00,89.27603942,89.48174369,86.75860037,88.11037445,10566100,0,0
2022-08-17 00:00:00-04:00,87.17980285,87.93405179,86.670441,87.37570953,9093100,0,0
2022-08-18 00:00:00-04:00,86.89573782,87.83610339,86.61166788,87.44428253,10947700,0,0
2022-08-19 00:00:00-04:00,86.69003427,86.77819004,85.24029933,85.41661835,9602800,0,0
2022-08-22 00:00:00-04:00,83.66322537,84.27054054,83.20283646,83.49669647,8054000,0,0
2022-08-23 00:00:00-04:00,83.41834365,84.82888824,83.25181475,84.27054596,8462500,0,0
2022-08-24 00:00:00-04:00,84.04524712,84.36849238,83.45751216,83.81015015,7085800,0,0
2022-08-25 00:00:00-04:00,84.56440729,85.79863278,84.25095213,85.7790451,6602100,0,0
2022-08-26 00:00:00-04:00,85.71048311,85.99455303,82.91877172,83.00692749,9381500,0,0
2022-08-29 00:00:00-04:00,82.19390494,82.59551587,81.08701053,81.15557861,9639700,0,0
2022-08-30 00:00:00-04:00,82.06656017,82.26247432,80.05849052,81.09680939,8392300,0,0
2022-08-31 00:00:00-04:00,82.38980638,83.13426517,81.3612777,81.6453476,8887100,0,0
2022-09-01 00:00:00-04:00,79.7842127,80.15644587,78.48141903,79.97032928,11566000,0,0
2022-09-02 00:00:00-04:00,79.88216841,81.28292281,78.9613906,79.24546051,8850100,0,0
2022-09-06 00:00:00-04:00,79.37280554,79.37280554,77.89368537,78.39325714,12704400,0,0
2022-09-07 00:00:00-04:00,76.78679496,78.54018741,76.63007111,78.314888,9843500,0,0
2022-09-08 00:00:00-04:00,77.39411303,79.0887274,77.15901605,78.59895325,8181700,0,0
2022-09-09 00:00:00-04:00,79.17689846,79.98992542,79.08873522,79.86257935,7084700,0,0
2022-09-12 00:00:00-04:00,80.29357542,80.81273482,80.08787117,80.46989441,7903000,0,0
2022-09-13 00:00:00-04:00,78.77528529,79.48056137,76.91414172,77.19821167,12835100,0,0
2022-09-14 00:00:00-04:00,78.10918858,78.52060459,77.36473716,78.03083038,8849600,0,0
2022-09-15 00:00:00-04:00,77.40825127,78.06825872,76.51181718,76.81719971,10533100,0.448,0
2022-09-16 00:00:00-04:00,75.96016317,76.8368912,75.77299398,76.72853088,10604500,0,0
2022-09-19 00:00:00-04:00,75.40851265,77.0634613,75.40851265,77.0634613,10378600,0,0
2022-09-20 00:00:00-04:00,76.38376035,77.27034147,76.3542089,76.98466492,8202800,0,0
2022-09-21 00:00:00-04:00,76.42315686,78.12735552,75.98971558,75.98971558,10869000,0,0
2022-09-22 00:00:00-04:00,75.30999991,75.60552942,74.23625724,74.50222778,10817900,0,0
2022-09-23 00:00:00-04:00,73.19206668,73.28072102,72.00010318,72.76847839,12685500,0,0
2022-09-26 00:00:00-04:00,72.37444254,73.08370735,71.83264094,71.9213028,13441500,0,0
2022-09-27 00:00:00-04:00,72.41384761,72.93594324,71.27114151,71.94100189,12430600,0,0
2022-09-28 00:00:00-04:00,70.04963365,71.21203822,69.64574382,71.05442047,12943600,0,0
2022-09-29 00:00:00-04:00,69.46842514,69.62604288,67.45885158,68.24691772,16120300,0,0
2022-09-30 00:00:00-04:00,66.79884239,68.61140896,66.7298865,67.53765869,10472400,0,0
2022-10-03 00:00:00-04:00,67.064825,68.53260472,66.64123666,68.21737671,11945100,0,0
2022-10-04 00:00:00-04:00,69.74425169,71.84248698,69.66544283,71.72427368,14900700,0,0
2022-10-05 00:00:00-04:00,71.8326418,73.79297306,71.49771537,73.36938477,14037100,0,0
2022-10-06 00:00:00-04:00,72.86699447,73.8028255,72.75863414,73.24132538,11796800,0,0
2022-10-07 00:00:00-04:00,70.73918698,70.95590761,68.70990753,68.70990753,14758600,0,0
2022-10-10 00:00:00-04:00,68.80842346,68.83797491,66.010776,66.43436432,16042200,0,0
2022-10-11 00:00:00-04:00,63.24267302,63.94209241,61.68623529,62.50386047,28699300,0,0
2022-10-12 00:00:00-04:00,62.65162121,63.27223172,62.42505133,63.1540184,16468700,0,0
2022-10-13 00:00:00-04:00,62.11967112,69.15319741,61.39070411,65.62658691,36639300,0,0
2022-10-14 00:00:00-04:00,66.25704551,66.44420719,62.8289347,62.96684647,19440900,0,0
2022-10-17 00:00:00-04:00,64.01104421,64.37552209,63.08505876,63.92238235,11280100,0,0
2022-10-18 00:00:00-04:00,64.91732519,65.12419284,61.84384676,62.75997925,16656100,0,0
2022-10-19 00:00:00-04:00,61.8044444,63.15401438,61.24294059,62.71072388,12385200,0,0
2022-10-20 00:00:00-04:00,62.79938308,64.30656707,62.43490144,62.63191986,11300900,0,0
2022-10-21 00:00:00-04:00,61.09517889,62.8289327,61.09517889,62.79938126,13699000,0,0
2022-10-24 00:00:00-04:00,59.67665626,60.70114533,58.79007521,60.37606812,25010800,0,0
2022-10-25 00:00:00-04:00,59.06589743,60.44502264,58.62260692,60.228302,21700600,0,0
2022-10-26 00:00:00-04:00,59.95247962,61.05577756,59.52889132,59.9327774,14006000,0,0
2022-10-27 00:00:00-04:00,60.92771886,61.51877418,60.00173707,60.04114151,12937600,0,0
2022-10-28 00:00:00-04:00,59.86382343,61.10503318,59.17426079,61.08533096,11972300,0,0
2022-10-31 00:00:00-04:00,60.67159514,61.34145556,60.15934872,60.6321907,10802800,0,0
2022-11-01 00:00:00-04:00,62.31668816,62.48415513,60.66174316,60.66174316,11561900,0,0
2022-11-02 00:00:00-04:00,61.56802446,61.95220833,59.6175499,59.6175499,16547200,0,0
2022-11-03 00:00:00-04:00,59.10529906,59.98202706,58.54379902,59.38112259,11040900,0,0
2022-11-04 00:00:00-04:00,60.59278761,61.5680268,60.11009638,61.54832458,14662800,0,0
2022-11-07 00:00:00-05:00,61.68623069,61.99160943,61.04592552,61.82414246,8507100,0,0
2022-11-08 00:00:00-05:00,63.41013655,64.76955569,63.2623718,64.05043793,14102800,0,0
2022-11-09 00:00:00-05:00,65.53793052,65.60688641,63.98148903,64.03074646,15086800,0,0
2022-11-10 00:00:00-05:00,66.72988825,69.81321985,66.31615292,69.78366089,21367900,0,0
2022-11-11 00:00:00-05:00,71.65532991,73.48759498,71.30069747,72.7290802,15524700,0,0
2022-11-14 00:00:00-05:00,72.14787318,72.58131449,71.16278477,71.71443939,11575300,0,0
2022-11-15 00:00:00-05:00,80.69843623,81.69337757,78.81692138,79.26020813,48742400,0,0
2022-11-16 00:00:00-05:00,79.35872282,79.36857581,77.72347991,78.26527405,24006600,0,0
2022-11-17 00:00:00-05:00,78.11751398,81.7032352,77.51660945,80.26500702,24278400,0,0
2022-11-18 00:00:00-05:00,81.54561004,81.60471293,79.79215403,81.04321289,18578400,0,0
2022-11-21 00:00:00-05:00,79.60498846,79.8217091,78.28497366,78.7381134,18659700,0,0
2022-11-22 00:00:00-05:00,80.13693889,81.94950543,80.01873309,81.30919647,16504700,0,0
2022-11-23 00:00:00-05:00,81.21069634,81.71308605,80.51128442,80.74770355,14683800,0,0
2022-11-25 00:00:00-05:00,80.91515867,81.1417323,80.18619537,80.18619537,5908300,0,0
2022-11-28 00:00:00-05:00,79.07304222,79.87096894,77.71362294,78.03870392,13214200,0,0
2022-11-29 00:00:00-05:00,78.71841728,79.01393929,77.7825788,78.14706421,11502300,0,0
2022-11-30 00:00:00-05:00,79.42767391,82.1859244,79.27006368,81.74263763,21667300,0,0
2022-12-01 00:00:00-05:00,81.80174548,82.38294405,79.93007593,81.44711304,15975100,0,0
2022-12-02 00:00:00-05:00,80.59008112,80.93486808,79.93992667,80.28470612,10519800,0,0
2022-12-05 00:00:00-05:00,80.71814393,80.95456304,79.74290103,80.40291595,11523300,0,0
2022-12-06 00:00:00-05:00,80.18620099,80.22560543,77.97960497,78.37363434,13992100,0,0
2022-12-07 00:00:00-05:00,77.8219839,78.52139577,77.41809405,78.05840302,14925300,0,0
2022-12-08 00:00:00-05:00,78.26526332,79.76260176,77.92048391,79.59513855,11197500,0,0
2022-12-09 00:00:00-05:00,79.64439613,80.9644185,79.48678589,79.48678589,13787900,0,0
2022-12-12 00:00:00-05:00,78.60020352,79.23065948,77.62496812,79.23065948,11516600,0,0
2022-12-13 00:00:00-05:00,80.86590513,80.86590513,78.44258851,79.30947113,16938000,0,0
2022-12-14 00:00:00-05:00,79.61484066,80.29455403,78.33422279,78.82676697,17910000,0,0
2022-12-15 00:00:00-05:00,78.4711209,78.4711209,76.66809833,76.88604736,17080200,0.451,0
2022-12-16 00:00:00-05:00,76.88604216,77.33184146,75.51891774,75.58826447,11929100,0,0
2022-12-19 00:00:00-05:00,76.20247973,76.40061865,75.05330428,75.39012909,12561300,0,0
2022-12-20 00:00:00-05:00,74.40936703,75.48919577,74.20132684,74.91461182,12080600,0,0
2022-12-21 00:00:00-05:00,75.15236666,76.69781232,75.06320227,76.42042542,10806100,0,0
2022-12-22 00:00:00-05:00,75.56845361,75.71705591,73.32953293,74.57778168,13019700,0,0
2022-12-23 00:00:00-05:00,74.19141388,74.64712202,73.47812894,74.19141388,7452600,0,0
2022-12-27 00:00:00-05:00,73.63664071,74.04281224,73.46822831,73.62673187,8974800,0,0
2022-12-28 00:00:00-05:00,73.49795072,73.85459321,72.16053761,72.37848663,10275700,0,0
2022-12-29 00:00:00-05:00,73.65645132,75.33068918,73.45831997,75.2910614,11142500,0,0
2022-12-30 00:00:00-05:00,73.59701939,73.87440633,72.96298995,73.79515076,7784100,0,0
2023-01-03 00:00:00-05:00,75.14246194,75.26134529,73.08186258,73.33943939,9276200,0,0
2023-01-04 00:00:00-05:00,74.29048258,75.89537376,73.77533653,75.608078,12316400,0,0
2023-01-05 00:00:00-05:00,75.29106053,75.72695856,74.63721348,75.02358246,10039200,0,0
2023-01-06 00:00:00-05:00,75.78640407,78.00550712,75.4396704,77.34175873,13744100,0,0
2023-01-09 00:00:00-05:00,79.80852001,80.46236704,79.31318409,79.56085205,22247600,0,0
2023-01-10 00:00:00-05:00,79.75899665,80.81901528,79.70946004,80.51190186,10269000,0,0
2023-01-11 00:00:00-05:00,80.80911068,81.1261254,79.87787662,81.01715088,11771400,0,0
2023-01-12 00:00:00-05:00,84.16748213,88.00138503,83.63251841,86.18845367,36086800,0,0
2023-01-13 00:00:00-05:00,84.61329256,86.28752297,84.10804776,85.99032593,18719900,0,0
2023-01-17 00:00:00-05:00,85.41573881,88.89299955,85.35630091,88.15989685,21850000,0,0
2023-01-18 00:00:00-05:00,89.63599484,90.36908991,88.52643961,88.63541412,19209800,0,0
2023-01-19 00:00:00-05:00,88.19951423,89.17037597,87.43670022,87.57539368,13651100,0,0
2023-01-20 00:00:00-05:00,89.16047157,90.18086243,88.36793102,90.18086243,14287200,0,0
2023-01-23 00:00:00-05:00,90.9040554,94.83702404,90.86442761,94.76767731,22875100,0,0
2023-01-24 00:00:00-05:00,94.89646251,97.0858465,90.69601575,93.67793274,11370500,0,0
2023-01-25 00:00:00-05:00,91.81547462,92.13248933,90.27002883,91.54799652,14147300,0,0
2023-01-26 00:00:00-05:00,93.01418327,93.4005447,91.7758434,92.57828522,15759400,0,0
2023-01-27 00:00:00-05:00,91.95416168,93.24203812,91.37957019,92.4296875,13646600,0,0
2023-01-30 00:00:00-05:00,91.9838817,93.37082383,91.71640362,92.26126862,14079800,0,0
2023-01-31 00:00:00-05:00,90.15113984,91.89472444,89.16046797,91.86500549,13342100,0,0
2023-02-01 00:00:00-05:00,92.13248757,94.87664543,91.70649835,93.85625458,16788500,0,0
2023-02-02 00:00:00-05:00,95.69890698,96.59051323,94.9459942,95.7484436,14925300,0,0
2023-02-03 00:00:00-05:00,94.15346067,96.04564011,93.43026684,93.77700806,12242200,0,0
2023-02-06 00:00:00-05:00,90.94368498,91.19135296,89.89356761,90.97340393,12425200,0,0
2023-02-07 00:00:00-05:00,90.92386443,93.81662452,90.82479875,93.66802979,15258900,0,0
2023-02-08 00:00:00-05:00,94.13363828,95.04506215,93.35101415,93.40054321,12899700,0,0
2023-02-09 00:00:00-05:00,95.10450463,97.65053117,94.72805202,95.78807068,16997400,0,0
2023-02-10 00:00:00-05:00,95.0549688,95.59984139,93.37082954,94.48038483,11511400,0,0
2023-02-13 00:00:00-05:00,94.57944867,95.49086501,94.02467482,95.21347809,7803500,0,0
2023-02-14 00:00:00-05:00,94.9261816,98.06660972,94.33177997,97.04621887,15345100,0,0
2023-02-15 00:00:00-05:00,91.46874039,92.80614597,89.92328705,91.89472961,30208300,0,0
2023-02-16 00:00:00-05:00,90.13132759,90.93376936,89.04158252,89.97281647,15568400,0,0
2023-02-17 00:00:00-05:00,89.13075212,89.45767566,88.11036127,89.25953674,11235300,0,0
2023-02-21 00:00:00-05:00,87.55558199,88.58588169,86.6639833,86.82248688,14007600,0,0
2023-02-22 00:00:00-05:00,86.93145875,87.26828356,85.85163001,86.02004242,10106400,0,0
2023-02-23 00:00:00-05:00,89.45767987,91.13191032,88.62551151,89.23973083,15468300,0,0
2023-02-24 00:00:00-05:00,87.26828353,87.32772898,86.42621393,87.2881012,8817600,0,0
2023-02-27 00:00:00-05:00,87.87259905,88.02120136,86.42621891,86.48566437,10609400,0,0
2023-02-28 00:00:00-05:00,86.3271516,87.32773237,86.08939246,86.25780487,7520400,0,0
2023-03-01 00:00:00-05:00,88.20942651,89.20009841,87.44660492,87.59520721,8176700,0,0
2023-03-02 00:00:00-05:00,86.82248299,88.50662216,86.30733694,88.1995163,9761600,0,0
2023-03-03 00:00:00-05:00,87.84287548,89.01186862,87.06024377,88.95243073,10844000,0,0
2023-03-06 00:00:00-05:00,89.23972835,90.47806825,88.67504566,88.7443924,9960000,0,0
2023-03-07 00:00:00-05:00,89.11093973,89.39823551,87.47633704,88.02120209,8761100,0,0
2023-03-08 00:00:00-05:00,87.52586493,89.99263596,87.31782473,89.98273468,8813000,0,0
2023-03-09 00:00:00-05:00,88.8731704,89.84403213,87.7438051,88.05091095,10354700,0,0
2023-03-10 00:00:00-05:00,87.20884961,88.33821502,86.38659009,86.43612671,11928800,0,0
2023-03-13 00:00:00-04:00,85.5742326,88.1697956,85.50488587,86.92154694,11847600,0,0
2023-03-14 00:00:00-04:00,87.20884361,88.79391709,86.89182891,88.45709229,11100100,0,0
2023-03-15 00:00:00-04:00,86.38658656,86.42621434,84.64300946,85.89125061,12171500,0,0
2023-03-16 00:00:00-04:00,85.59150266,89.09682512,85.46204762,88.92753601,13184600,0.449,0
2023-03-17 00:00:00-04:00,88.6885311,89.65448647,88.62878379,89.09682465,13287700,0,0
2023-03-20 00:00:00-04:00,88.83791164,89.99307702,88.2902102,89.6644516,8217500,0,0
2023-03-21 00:00:00-04:00,90.62044554,92.61210368,90.42128276,92.11418915,12299700,0,0
2023-03-22 00:00:00-04:00,93.11001517,94.63363239,92.15402021,92.23368835,12812400,0,0
2023-03-23 00:00:00-04:00,94.0958837,95.42033815,93.04030735,94.19546509,11169700,0,0
2023-03-24 00:00:00-04:00,93.55813472,93.78717874,91.70589211,92.40297699,7653700,0,0
2023-03-27 00:00:00-04:00,91.65610938,91.79552484,90.17232617,90.28186798,9349800,0,0
2023-03-28 00:00:00-04:00,90.28186798,90.49099118,89.54494899,90.43123627,7521300,0,0
2023-03-29 00:00:00-04:00,91.37727883,92.83118838,91.06856664,92.37310791,9264000,0,0
2023-03-30 00:00:00-04:00,92.96063926,93.12992837,91.64614523,92.08431244,10232800,0,0
2023-03-31 00:00:00-04:00,90.85943699,92.87101585,90.74989519,92.63201141,8701800,0,0
2023-04-03 00:00:00-04:00,92.62206313,93.20959863,91.32748231,92.45276642,6863600,0,0
2023-04-04 00:00:00-04:00,92.65193461,92.89093145,91.33744058,91.78556061,6338400,0,0
2023-04-05 00:00:00-04:00,91.21793842,91.79552108,88.67857893,89.82377625,9171800,0,0
2023-04-06 00:00:00-04:00,89.28603425,90.53082054,89.02711658,89.86360931,5874500,0,0
2023-04-10 00:00:00-04:00,88.051201,88.65865732,86.10933743,88.6486969,12232900,0,0
2023-04-11 00:00:00-04:00,88.27028668,89.46527851,88.10099756,88.86778259,11079200,0,0
2023-04-12 00:00:00-04:00,88.53916741,89.12670292,86.49771475,86.50767517,11299100,0,0
2023-04-13 00:00:00-04:00,86.19895847,87.26449523,85.61142299,86.68692017,7910500,0,0
2023-04-14 00:00:00-04:00,87.58316023,88.00141419,86.17904524,86.83628845,7656400,0,0
2023-04-17 00:00:00-04:00,87.38399663,87.68274838,86.79646116,87.62299347,8163600,0,0
2023-04-18 00:00:00-04:00,87.83211669,88.03128706,87.13503942,87.77236938,8468200,0,0
2023-04-19 00:00:00-04:00,85.87034372,87.01554107,85.68113377,86.86617279,11191300,0,0
2023-04-20 00:00:00-04:00,87.95162423,91.49677333,87.73254061,88.91757965,19206300,0,0
2023-04-21 00:00:00-04:00,87.41387541,87.54333805,84.92430271,85.01393127,13175400,0,0
2023-04-24 00:00:00-04:00,85.04380427,85.60146612,83.63968163,84.28697205,10567600,0,0
2023-04-25 00:00:00-04:00,82.92267788,83.05214052,81.91689606,81.94676971,13423700,0,0
2023-04-26 00:00:00-04:00,81.89697623,82.03639168,80.87127356,81.90693665,11583500,0,0
2023-04-27 00:00:00-04:00,82.55422938,83.51022435,81.81731802,83.3210144,10013700,0,0
2023-04-28 00:00:00-04:00,84.12764431,84.15751797,83.37081208,83.94839478,8260700,0,0
2023-05-01 00:00:00-04:00,83.94839523,84.33676797,83.55006207,83.62973022,4931100,0,0
2023-05-02 00:00:00-04:00,83.15172411,83.69943312,82.20568957,82.61397552,6875000,0,0
2023-05-03 00:00:00-04:00,82.27539622,83.41064069,82.09614669,82.35505676,7151600,0,0
2023-05-04 00:00:00-04:00,82.65380769,83.41063987,82.29530864,83.14176178,7290600,0,0
2023-05-05 00:00:00-04:00,83.94838934,85.21308885,83.40068034,84.61559296,6863800,0,0
2023-05-08 00:00:00-04:00,84.14755676,85.18321991,84.05793579,85.18321991,6746600,0,0
2023-05-09 00:00:00-04:00,84.8944254,85.12346942,83.94839086,84.70521545,7287800,0,0
2023-05-10 00:00:00-04:00,84.15751807,84.79484808,83.81893223,84.54589081,7442300,0,0
2023-05-11 00:00:00-04:00,83.78905369,83.78905369,82.18576835,83.08201599,8730900,0,0
2023-05-12 00:00:00-04:00,83.0322215,83.5799305,82.60401472,83.08201599,5068200,0,0
2023-05-15 00:00:00-04:00,82.98243563,85.31267194,82.88285425,85.30271912,8707300,0,0
2023-05-16 00:00:00-04:00,85.33259482,86.3881712,85.23300584,85.52179718,11283200,0,0
2023-05-17 00:00:00-04:00,87.93170532,91.41710689,87.69270089,90.50093842,23215600,0,0
2023-05-18 00:00:00-04:00,90.86940284,93.01043687,90.69015331,92.26356506,14879000,0,0
2023-05-19 00:00:00-04:00,91.74572765,92.40297847,91.1781054,92.19385529,9292700,0,0
2023-05-22 00:00:00-04:00,91.68597913,92.05443861,90.81960514,91.33744049,9259800,0,0
2023-05-23 00:00:00-04:00,90.62044413,90.95902236,89.95324048,90.06278229,7656700,0,0
2023-05-24 00:00:00-04:00,88.90761332,89.7739873,88.80803194,89.75406647,9443900,0,0
2023-05-25 00:00:00-04:00,96.65516395,101.9430213,96.5755034,100.5289383,60793200,0,0
2023-05-26 00:00:00-04:00,100.4293609,104.0043912,100.3098663,102.7795181,26135800,0,0
2023-05-30 00:00:00-04:00,103.3570975,104.8010466,101.1065217,101.5546494,25248000,0,0
2023-05-31 00:00:00-04:00,99.31403168,99.56298893,97.65099144,98.1787796,22206700,0,0
2023-06-01 00:00:00-04:00,98.2684133,100.1704429,98.18874515,98.427742,14998500,0,0
2023-06-02 00:00:00-04:00,100.8276912,100.8774857,98.2086635,98.52732849,13079500,0,0
2023-06-05 00:00:00-04:00,97.60121054,98.39786925,93.85689106,97.64104462,10568500,0,0
2023-06-06 00:00:00-04:00,97.20287471,100.1804015,97.01366475,99.40365601,13827600,0,0
2023-06-07 00:00:00-04:00,100.9571465,102.5903055,99.12482468,99.87169647,14367500,0,0
2023-06-08 00:00:00-04:00,98.57711308,100.2799798,98.21861402,99.52315521,9074200,0,0
2023-06-09 00:00:00-04:00,102.2716421,104.243387,101.8235221,102.3712311,14902400,0,0
2023-06-12 00:00:00-04:00,103.9048005,106.9420821,103.8749268,106.6134567,20568100,0,0
2023-06-13 00:00:00-04:00,109.5411955,110.22832,106.2947907,106.3545456,17858600,0,0
2023-06-14 00:00:00-04:00,105.5877491,107.2507817,104.78113,106.961998,12862600,0,0
2023-06-15 00:00:00-04:00,106.2699966,106.6600037,105.0699997,105.1800003,11987900,0.448,0
2023-06-16 00:00:00-04:00,105.4300003,105.75,104.3499985,104.5699997,11427300,0,0
2023-06-20 00:00:00-04:00,104.1800003,104.8799973,103.0699997,103.9800034,9295500,0,0
2023-06-21 00:00:00-04:00,103.1500015,103.7300034,101.6200027,101.6399994,9340400,0,0
2023-06-22 00:00:00-04:00,101.4199982,103.4300003,101.3300018,103.1299973,8575900,0,0
2023-06-23 00:00:00-04:00,101.5199966,102.1900024,101.0100021,101.9100037,8898900,0,0
2023-06-26 00:00:00-04:00,102.0199966,103.0400009,100.0899963,100.1100006,8560000,0,0
2023-06-27 00:00:00-04:00,101.1500015,102.7900009,100.0199966,102.0800018,9732000,0,0
2023-06-28 00:00:00-04:00,100.5,101.8799973,100.2200012,100.9199982,8160900,0,0
2023-06-29 00:00:00-04:00,101.3399963,101.5199966,100.0199966,100.6399994,7383900,0,0
2023-06-30 00:00:00-04:00,101.4000015,101.8899994,100.4100037,100.9199982,11701700,0,0
2023-07-03 00:00:00-04:00,102.25,103.6800003,102.0699997,103.1500015,5638400,0,0
2023-07-05 00:00:00-04:00,101.4000015,103.0899963,100.9599991,100.9899979,9010800,0,0
2023-07-06 00:00:00-04:00,99.09999847,99.55999756,98.59999847,99.41000366,9140800,0,0
2023-07-07 00:00:00-04:00,99.08000183,101.9400024,99,100.2300034,8034000,0,0
2023-07-10 00:00:00-04:00,100.25,100.75,99.40000153,99.76999664,8041600,0,0
2023-07-11 00:00:00-04:00,102.3300018,102.3300018,100.1399994,101.2600021,7684600,0,0
2023-07-12 00:00:00-04:00,102.8300018,104.4300003,102.7600021,103.9000015,10202000,0,0
2023-07-13 00:00:00-04:00,105,105.6500015,102.5199966,105.5699997,9265900,0,0
2023-07-14 00:00:00-04:00,106,107.3000031,104.8600006,105.1399994,9511000,0,0
2023-07-17 00:00:00-04:00,104.6800003,105.0299988,102.5899963,104.7900009,10722600,0,0
2023-07-18 00:00:00-04:00,103.6900024,103.7300034,102.0100021,103.1500015,10355400,0,0
2023-07-19 00:00:00-04:00,103.9000015,104.7900009,102.5699997,103.0599976,11204800,0,0
2023-07-20 00:00:00-04:00,98.55000305,100.4499969,97.05000305,97.86000061,22810200,0,0
2023-07-21 00:00:00-04:00,97.87999725,97.98999786,96.33000183,97.25,15377100,0,0
2023-07-24 00:00:00-04:00,97.26999664,98.26999664,96.77999878,98.25,9054900,0,0
2023-07-25 00:00:00-04:00,99.51999664,100.8899994,99.11000061,100.3199997,9202200,0,0
2023-07-26 00:00:00-04:00,99.48999786,100.1299973,98.56999969,99.41000366,8993500,0,0